title,Inclass01,Inclass02,Inclass03,Inclass04,Inclass05,Inclass06,Inclass07,Inclass08,Inclass09,Inclass10
Income before taxes,2737.88,8019.47,12412.25,17690.44,25121.59,34949.86,45092.52,59864.79,128143.77,64341.65
Meals as pay,0.23,0.17,0.42,0.2,0.31,0.54,0.39,0.82,0.65,0.52
Rent as pay,3.24,19.46,13.57,7.18,3,2.19,0.45,3.61,1.12,3.72
Income before taxes,2734.41,7999.84,12398.26,17683.06,25118.28,34947.13,45091.68,59860.36,128142,64337.4
Income after taxes,2999.46,8193.66,12422.51,17981.57,25351.51,34756.95,44726.46,59091.83,123338.27,62664.7
Meals as pay,0.23,0.17,0.42,0.2,0.31,0.54,0.39,0.82,0.65,0.52
Rent as pay,3.24,19.46,13.57,7.18,3,2.19,0.45,3.61,1.12,3.72
Income after taxes,2995.99,8174.03,12408.53,17974.2,25348.2,34754.22,44725.62,59087.4,123336.51,62660.45
Age of reference person,44.67,46.42,53.6,54.29,52.68,50.32,49.74,48.63,47.84,49.67
Persons,1.72,1.82,1.77,1.92,2.17,2.4,2.46,2.65,3.04,2.51
Children under 18,0.37,0.47,0.43,0.49,0.55,0.6,0.64,0.64,0.78,0.63
Persons 65 and older,0.21,0.26,0.41,0.43,0.45,0.42,0.36,0.32,0.21,0.33
Earners,0.44,0.52,0.42,0.6,0.76,1.04,1.21,1.42,1.87,1.24
Vehicles (owned),0.86,0.72,0.78,0.96,1.18,1.46,1.57,1.83,2.3,1.64
Male,45.94,36.75,32.18,35.07,38.49,42.72,48.6,47.87,50.92,44.87
Female,54.06,63.25,67.82,64.93,61.51,57.28,51.4,52.13,49.08,55.13
Homeowner,41.25,31.38,42.34,48.89,52.59,59.64,60.17,71.05,83.88,65.04
With mortgage,16.54,11.07,12.34,15.31,18.4,29.52,32.01,46.52,64.37,39.19
Without mortgage,15.17,15.1,24.47,27.21,28.29,24.39,22.41,19.71,16.23,20.93
Mortgage not reported,9.55,5.21,5.53,6.36,5.9,5.72,5.75,4.81,3.28,4.93
Renter,58.75,68.62,57.66,51.11,47.41,40.36,39.83,28.95,16.12,34.96
Black or African-American,16.78,20.04,18.56,17.22,14.22,14.02,13.29,9.92,7.82,12.14
"White, Asian, and all other races",83.22,79.96,81.44,82.78,85.78,85.98,86.71,90.08,92.18,87.86
White,74.92,74.88,76.2,78.57,80.77,81.51,82.26,84.7,84.97,82.13
Asian,5.18,4.23,3.78,2.03,3.14,3.39,3.67,3.49,5.56,4.12
All other races,3.11,0.85,1.46,2.18,1.87,1.08,0.79,1.89,1.66,1.6
Hispanic or Latino,13.46,14.32,15.82,15.1,15.27,15.24,12.5,12.49,6.58,11.7
Not Hispanic or Latino,86.54,85.68,84.18,84.9,84.73,84.76,87.5,87.51,93.42,88.3
Elementary (1-8),6.32,6.99,9.09,7.92,7.02,4.66,2.9,2.35,1.22,3.95
High school (9-12),46.28,48.13,51.61,47.51,41.8,38.23,35.2,31.87,18.18,32.95
College,47.04,44.58,39.02,44.14,51.13,57,61.64,65.69,80.48,62.93
Never attended and other,0.36,0.3,0.28,0.42,0.05,0.11,0.26,0.1,0.12,0.16
At least one vehicle owned,61.6,55.08,58.35,67.04,78.59,83.98,85.95,90.34,94.67,83.49
Food,61,67.03,61.04,69.8,78.99,97.36,93,117.63,169.96,115.12
Food at home,41.01,48.18,45.94,48.88,53.39,66.3,60.63,75.96,100.34,72.89
Cereals and bakery products,5.81,6.52,6.31,7.35,7.51,9.38,8.6,10.46,13.99,10.21
Cereals and cereal products,2.02,2.26,2.04,2.39,2.55,3.06,2.75,3.48,4.59,3.36
Flour,0.09,0.07,0.11,0.1,0.13,0.13,0.1,0.16,0.2,0.15
Prepared flour mixes,0.21,0.22,0.15,0.22,0.26,0.2,0.2,0.32,0.39,0.29
Ready-to-eat and cooked cereals,0.92,1.13,1.08,1.26,1.37,1.54,1.47,1.83,2.4,1.76
Rice,0.4,0.35,0.3,0.44,0.37,0.56,0.43,0.53,0.59,0.49
"Pasta, cornmeal and other cereal products",0.4,0.49,0.41,0.37,0.41,0.63,0.56,0.64,1.01,0.68
Bakery products,3.78,4.27,4.27,4.96,4.96,6.32,5.85,6.99,9.4,6.84
Bread,1.35,1.27,1.44,1.63,1.59,1.97,1.71,2.08,2.69,2.05
White bread,0.6,0.59,0.67,0.77,0.7,0.87,0.69,0.87,1.08,0.86
"Bread, other than white",0.75,0.68,0.77,0.87,0.88,1.09,1.03,1.21,1.61,1.18
Cookies and crackers,0.79,0.96,0.92,0.97,1.16,1.43,1.34,1.65,2.3,1.61
Cookies,0.51,0.62,0.55,0.56,0.68,0.78,0.82,0.93,1.25,0.9
Crackers,0.28,0.34,0.37,0.41,0.48,0.65,0.52,0.72,1.06,0.7
Frozen and refrigerated bakery products,0.22,0.37,0.31,0.36,0.4,0.57,0.42,0.56,0.77,0.55
Other bakery products,1.42,1.67,1.6,1.99,1.81,2.35,2.38,2.7,3.64,2.64
Biscuits and rolls,0.6,0.53,0.54,0.61,0.69,0.87,0.82,1.06,1.5,1.02
Cakes and cupcakes,0.34,0.63,0.44,0.59,0.44,0.66,0.76,0.74,0.97,0.73
Bread and cracker products,0.1,0.09,0.11,0.1,0.11,0.11,0.1,0.15,0.18,0.14
"Sweetrolls, coffee cakes, doughnuts",0.28,0.27,0.32,0.44,0.36,0.41,0.46,0.44,0.59,0.46
"Pies, tarts, turnovers",0.1,0.15,0.19,0.25,0.21,0.31,0.23,0.31,0.4,0.3
"Meats, poultry, fish, and eggs",9.08,10.74,10.73,9.75,12.15,15.22,12.97,16.33,21.96,16.01
Beef,2.6,2.7,2.7,2.55,3.26,4.01,3.64,4.52,5.82,4.28
Ground beef,1.21,1.25,1.34,1.24,1.49,1.56,1.56,1.83,2.19,1.74
Roast,0.25,0.41,0.34,0.26,0.47,0.46,0.49,0.73,0.81,0.59
Chuck roast,0.05,0.06,0.12,0.05,0.15,0.14,0.11,0.18,0.19,0.15
Round roast,0.02,0.1,0.08,0.03,0.06,0.11,0.14,0.14,0.16,0.12
Other roast,0.17,0.25,0.13,0.19,0.26,0.22,0.24,0.41,0.45,0.32
Steak,0.98,0.89,0.86,0.81,1.09,1.66,1.3,1.69,2.22,1.59
Round steak,0.2,0.16,0.22,0.19,0.24,0.31,0.27,0.3,0.41,0.31
Sirloin steak,0.35,0.23,0.26,0.21,0.33,0.4,0.35,0.39,0.59,0.42
Other steak,0.43,0.51,0.39,0.4,0.52,0.95,0.67,0.99,1.22,0.86
Other beef,0.17,0.13,0.16,0.23,0.22,0.33,0.3,0.28,0.6,0.37
Pork,1.74,2.28,2.21,1.83,2.66,3.37,2.47,3.25,3.97,3.11
Bacon,0.39,0.54,0.38,0.39,0.61,0.6,0.5,0.68,0.86,0.65
Pork chops,0.3,0.39,0.41,0.24,0.51,0.58,0.51,0.56,0.61,0.52
Ham,0.49,0.4,0.47,0.51,0.42,0.75,0.54,0.73,0.84,0.66
"Ham, not canned",0.48,0.39,0.46,0.5,0.42,0.74,0.52,0.71,0.81,0.64
Canned ham,0.02,0.01,0.01,0,0,0.01,0.01,0.02,0.02,0.01
Sausage,0.25,0.54,0.41,0.3,0.51,0.5,0.45,0.56,0.7,0.55
Other pork,0.31,0.42,0.54,0.4,0.59,0.95,0.47,0.72,0.96,0.73
Other meats,1.36,1.48,1.46,1.36,1.34,1.76,2.06,2.48,3.54,2.36
Frankfurters,0.28,0.33,0.33,0.34,0.36,0.41,0.39,0.51,0.58,0.46
Lunch meats (cold cuts),1.04,1.09,1.05,0.97,0.9,1.26,1.57,1.73,2.54,1.69
"Bologna, liverwurst, salami",0.34,0.35,0.34,0.31,0.31,0.42,0.55,0.51,0.73,0.52
Other lunchmeats,0.7,0.74,0.71,0.66,0.59,0.84,1.02,1.22,1.81,1.17
"Lamb, organ meats and others",0.05,0.05,0.08,0.05,0.09,0.09,0.1,0.24,0.42,0.22
Lamb and organ meats,0.05,0.04,0.07,0.03,0.07,0.07,0.08,0.19,0.21,0.13
"Mutton, goat and game",0,0.01,0.01,0.01,0.01,0.02,0.02,0.06,0.21,0.08
Poultry,1.71,1.93,2,2,2.22,2.99,2.29,2.84,4.12,2.97
Fresh and frozen chickens,1.46,1.49,1.72,1.57,1.87,2.47,1.86,2.35,3.22,2.39
Fresh and frozen whole chicken,0.45,0.4,0.56,0.42,0.54,0.73,0.58,0.66,0.92,0.69
Fresh and frozen chicken parts,1.02,1.08,1.16,1.16,1.34,1.74,1.28,1.69,2.3,1.7
Other poultry,0.24,0.44,0.27,0.42,0.35,0.52,0.44,0.49,0.9,0.58
Fish and seafood,1.02,1.53,1.6,1.23,1.8,2.11,1.68,2.32,3.34,2.32
Canned fish and seafood,0.33,0.3,0.2,0.3,0.31,0.34,0.41,0.43,0.46,0.38
Fresh fish and shellfish,0.38,0.6,0.84,0.48,0.91,1.03,0.63,1.07,1.77,1.14
Frozen fish and shellfish,0.3,0.64,0.56,0.45,0.58,0.74,0.64,0.82,1.1,0.8
Eggs,0.65,0.82,0.75,0.79,0.87,0.98,0.83,0.91,1.17,0.96
Dairy products,4.46,4.87,4.75,5.04,5.75,6.91,6.61,8.11,10.93,7.82
Fresh milk and cream,1.99,1.92,1.9,2.06,2.28,2.65,2.48,2.9,3.83,2.88
"Fresh milk, all types",1.81,1.66,1.63,1.83,1.96,2.28,2.18,2.41,3.22,2.45
Cream,0.18,0.27,0.26,0.23,0.32,0.37,0.29,0.49,0.62,0.43
Other dairy products,2.47,2.95,2.86,2.98,3.47,4.25,4.13,5.21,7.1,4.94
Butter,0.3,0.25,0.28,0.29,0.36,0.38,0.39,0.57,0.64,0.47
Cheese,1.21,1.4,1.32,1.41,1.76,2.04,1.86,2.54,3.48,2.4
Ice cream and related products,0.52,0.75,0.79,0.69,0.78,0.99,1.05,1.08,1.52,1.1
Miscellaneous dairy products,0.44,0.54,0.47,0.58,0.58,0.84,0.83,1.02,1.45,0.97
Fruits and vegetables,7.7,9.11,8.04,9.22,9.93,12.44,11.01,13.99,19.4,13.75
Fresh fruits,2.38,3.25,2.6,3.09,3.33,4.29,3.77,4.71,6.89,4.76
Apples,0.33,0.46,0.38,0.55,0.49,0.75,0.51,0.76,1.04,0.73
Bananas,0.35,0.51,0.51,0.62,0.64,0.78,0.73,0.77,1.04,0.79
Oranges,0.26,0.37,0.32,0.34,0.37,0.48,0.46,0.52,0.72,0.52
"Citrus fruits, excluding oranges",0.44,0.58,0.39,0.45,0.52,0.63,0.57,0.72,1.04,0.72
Other fresh fruits,1,1.34,1,1.12,1.32,1.65,1.5,1.95,3.04,1.99
Fresh vegetables,2.34,2.53,2.41,2.76,3.18,3.89,3.31,4.32,6.23,4.31
Potatoes,0.44,0.47,0.51,0.51,0.57,0.67,0.62,0.79,1,0.75
Lettuce,0.34,0.33,0.3,0.42,0.42,0.54,0.5,0.66,0.89,0.62
Tomatoes,0.46,0.5,0.52,0.51,0.6,0.75,0.6,0.73,1.13,0.79
Other fresh vegetables,1.1,1.23,1.07,1.32,1.58,1.92,1.59,2.13,3.21,2.16
Processed fruits,1.38,1.59,1.29,1.56,1.6,1.99,1.99,2.36,3.01,2.23
Frozen fruits and fruit juices,0.11,0.1,0.14,0.14,0.22,0.21,0.24,0.29,0.35,0.26
Frozen orange juice,0.02,0.05,0.04,0.05,0.04,0.09,0.07,0.08,0.09,0.07
Frozen fruits,0.05,0.01,0.06,0.05,0.13,0.08,0.1,0.16,0.2,0.13
Frozen fruit juices,0.05,0.04,0.04,0.04,0.05,0.04,0.07,0.06,0.06,0.05
Canned fruits,0.22,0.41,0.21,0.32,0.3,0.37,0.33,0.43,0.55,0.41
Dried fruit,0.11,0.11,0.05,0.13,0.12,0.13,0.12,0.17,0.22,0.16
Fresh fruit juice,0.28,0.19,0.21,0.23,0.2,0.27,0.34,0.32,0.47,0.33
Canned and bottled fruit juice,0.66,0.78,0.68,0.74,0.76,1.01,0.96,1.15,1.42,1.07
Processed vegetables,1.6,1.74,1.74,1.8,1.83,2.27,1.93,2.6,3.27,2.46
Frozen vegetables,0.27,0.39,0.37,0.45,0.51,0.54,0.49,0.73,0.98,0.67
Canned and dried vegetables and juices,1.33,1.34,1.37,1.36,1.32,1.72,1.44,1.88,2.29,1.78
Canned beans,0.32,0.19,0.31,0.3,0.28,0.37,0.3,0.4,0.46,0.37
Canned corn,0.22,0.11,0.18,0.17,0.17,0.19,0.14,0.2,0.21,0.19
Canned miscellaneous vegetables,0.23,0.46,0.36,0.44,0.34,0.43,0.35,0.56,0.64,0.49
Dried peas,0,0.03,0,0.02,0,0.02,0.02,0.01,0.02,0.02
Dried beans,0.12,0.07,0.07,0.08,0.11,0.1,0.09,0.08,0.11,0.1
Dried miscellaneous vegetables,0.2,0.17,0.15,0.09,0.18,0.26,0.17,0.21,0.29,0.22
Dried processed vegetables,0.02,0.04,0.03,0,0.02,0.03,0.03,0.08,0.04,0.04
Frozen vegetable juices,0,0,0,0.02,0.01,0,0.01,0.01,0.01,0.01
Fresh and canned vegetable juices,0.21,0.27,0.27,0.24,0.21,0.32,0.33,0.33,0.51,0.36
Other food at home,13.96,16.94,16.11,17.53,18.04,22.35,21.45,27.06,34.06,25.1
Sugar and other sweets,1.32,1.94,1.61,2,1.92,2.41,2.23,2.95,3.9,2.78
Candy and chewing gum,0.77,1.04,0.86,1.08,0.97,1.37,1.35,1.75,2.51,1.67
Sugar,0.32,0.45,0.35,0.46,0.44,0.47,0.44,0.47,0.5,0.46
Artificial sweeteners,0,0.05,0.03,0.1,0.11,0.08,0.05,0.16,0.14,0.11
"Jams, preserves, other sweets",0.23,0.4,0.36,0.35,0.4,0.49,0.39,0.58,0.75,0.54
Fats and oils,1.36,1.66,1.34,1.72,1.58,2.06,1.89,2.43,2.58,2.11
Margarine,0.12,0.16,0.15,0.15,0.15,0.12,0.22,0.21,0.23,0.19
Fats and oils,0.55,0.67,0.43,0.54,0.59,0.76,0.59,0.7,0.76,0.67
Salad dressings,0.37,0.34,0.37,0.37,0.43,0.56,0.56,0.76,0.76,0.6
Nondairy cream and imitation milk,0.18,0.2,0.2,0.32,0.23,0.32,0.34,0.44,0.46,0.36
Peanut butter,0.13,0.29,0.18,0.34,0.18,0.29,0.18,0.32,0.38,0.29
Miscellaneous foods,7.4,8.73,8.94,8.79,9.42,11.7,11.08,14.19,18.28,13.28
Frozen prepared foods,1.65,1.64,1.89,1.93,1.77,2.53,2.32,2.67,3.51,2.62
Frozen meals,0.72,0.62,1.02,1,0.75,1.15,0.95,1.2,1.63,1.19
Other frozen prepared foods,0.93,1.03,0.87,0.93,1.02,1.38,1.38,1.48,1.88,1.42
Canned and packaged soups,0.66,0.63,0.54,0.63,0.72,0.81,0.74,0.97,1.19,0.9
"Potato chips, nuts, and other snacks",1.27,1.65,1.37,1.81,1.97,2.28,2.34,3.05,4.02,2.79
Potato chips and other snacks,0.94,1.35,1.11,1.45,1.38,1.86,1.8,2.26,2.9,2.08
Nuts,0.34,0.3,0.26,0.36,0.58,0.41,0.54,0.79,1.12,0.71
Condiments and seasonings,1.51,1.63,1.69,1.47,1.9,2.25,2.07,2.78,3.59,2.58
"Salt, spices, other seasonings",0.41,0.47,0.51,0.44,0.46,0.64,0.5,0.75,0.93,0.68
"Olives, pickles, relishes",0.31,0.19,0.2,0.13,0.22,0.23,0.23,0.36,0.44,0.31
Sauces and gravies,0.56,0.68,0.69,0.67,0.88,0.99,0.95,1.17,1.57,1.12
Baking needs and miscellaneous products,0.24,0.3,0.29,0.24,0.34,0.39,0.4,0.51,0.64,0.46
Other canned and packaged prepared foods,2.3,3.18,3.45,2.94,3.07,3.84,3.6,4.71,5.96,4.39
Prepared salads,0.24,0.51,0.41,0.44,0.54,0.56,0.56,0.77,0.98,0.7
Prepared desserts,0.12,0.19,0.14,0.22,0.22,0.28,0.25,0.33,0.38,0.29
Baby food,0.29,0.55,0.61,0.25,0.42,0.5,0.39,0.77,0.59,0.53
Miscellaneous prepared foods,1.65,1.93,2.29,2.01,1.87,2.5,2.33,2.79,3.94,2.83
Vitamin supplements,0,0,0,0.02,0.01,0,0.07,0.05,0.08,0.04
Nonalcoholic beverages,3.88,4.62,4.22,5.02,5.12,6.18,6.24,7.49,9.29,6.94
Cola,0.75,0.88,0.86,1.19,1.18,1.43,1.38,1.65,1.98,1.51
Other carbonated drinks,0.66,0.83,0.78,0.86,0.81,1.18,1.17,1.59,1.68,1.28
Tea,0.42,0.58,0.43,0.36,0.45,0.57,0.5,0.65,0.77,0.6
Coffee,0.75,0.87,0.76,0.9,1.19,1.12,1.3,1.48,2.04,1.44
Roasted coffee,0.5,0.52,0.42,0.54,0.75,0.65,0.75,0.9,1.33,0.9
Instant and freeze dried coffee,0.25,0.35,0.34,0.36,0.43,0.47,0.55,0.58,0.72,0.54
"Noncarbonated fruit flavored drinks, including",0.42,0.48,0.41,0.47,0.4,0.39,0.38,0.48,0.58,0.48
Other noncarbonated beverages and ice,0.32,0.16,0.16,0.19,0.22,0.3,0.21,0.33,0.36,0.29
Bottled water,0.49,0.58,0.71,0.89,0.74,0.91,1,1.02,1.38,1.03
Sports drinks,0.07,0.14,0.11,0.16,0.15,0.27,0.29,0.27,0.5,0.3
Nonalcoholic beer,0,0.1,0,0,0,0,0,0.01,0.01,0.01
Food away from home,19.99,18.85,15.1,20.92,25.61,31.06,32.36,41.67,69.63,42.23
Meals at restaurants (except on trips),19.99,18.85,15.1,20.92,25.61,31.06,32.36,41.67,69.63,42.23
Lunch,6.95,6.29,5.1,8.07,9.18,10.55,11.24,13.84,23.76,14.48
"Lunch at fast food, take-out, delivery, concession",3.41,3.51,2.96,4.4,4.7,5.82,5.81,7.23,10.82,7.09
Lunch at full service restaurants,2.88,2.36,1.85,3.13,3.81,3.71,4.14,5.24,9.98,5.81
Lunch at vending machines and mobile vendors,0.01,0.09,0.03,0.14,0.12,0.14,0.13,0.18,0.16,0.14
Lunch at employer and school cafeterias,0.65,0.34,0.26,0.4,0.55,0.88,1.16,1.2,2.8,1.44
Dinner,9.99,8.61,7.08,8.28,11.53,14.33,14.37,19.91,34.52,20.21
"Dinner at fast food, take-out, delivery, concession",4.08,4.23,3.7,3.7,4.48,6.11,5.76,7.75,10.22,7.02
Dinner at full service restaurants,5.66,4.31,3.21,4.49,6.87,8.02,8.49,12.03,24.03,13
Dinner at vending machines and mobile vendors,0,0.01,0.01,0.01,0.03,0.14,0.05,0.08,0.07,0.06
Dinner at employer and school cafeterias,0.25,0.07,0.16,0.09,0.15,0.06,0.07,0.05,0.2,0.13
Snacks and nonalcoholic beverages,1.31,1.87,1.36,1.98,1.92,2.36,3.01,3.28,4.89,3.19
"Snacks and nonalcoholic beverages at fast food,",0.92,1.14,0.83,1.09,1.18,1.45,1.95,2.27,3.33,2.11
Snacks and nonalcoholic beverages at full service,0.09,0.39,0.28,0.61,0.4,0.35,0.66,0.54,0.99,0.63
Snacks and nonalcoholic beverages at vending,0.23,0.26,0.15,0.22,0.26,0.44,0.26,0.34,0.42,0.33
Snacks and nonalcoholic beverages at employer and,0.05,0.07,0.1,0.06,0.08,0.12,0.14,0.13,0.16,0.12
Breakfast and brunch,1.74,2.09,1.56,2.59,2.99,3.81,3.74,4.64,6.45,4.34
"Breakfast and brunch at fast food, take-out,",1.29,0.89,0.87,1.33,1.65,2.11,2.07,2.52,3.55,2.38
Breakfast and brunch at full service restaurants,0.38,1.13,0.62,1,1.16,1.45,1.44,1.9,2.56,1.72
Breakfast and brunch at vending machines and mobile,0.04,0.01,0.01,0.05,0.04,0.06,0.1,0.06,0.07,0.06
Breakfast and brunch at employer and school,0.04,0.05,0.06,0.21,0.14,0.2,0.13,0.16,0.27,0.19
Alcoholic beverages,3.87,4.08,2.64,2.59,3.85,5.62,5.4,6.55,14.48,7.92
At home,2.98,2.42,1.63,1.62,2.59,3.58,3.33,4.15,8.04,4.66
Beer and ale,1.93,1.42,0.98,0.89,1.42,2.05,1.66,1.89,3.19,2.11
Whiskey,0.35,0.09,0.04,0.03,0.03,0.11,0.22,0.17,0.32,0.18
Wine,0.52,0.83,0.44,0.56,0.81,1.19,1.19,1.7,3.95,2
Other alcoholic beverages,0.18,0.08,0.17,0.14,0.33,0.23,0.26,0.39,0.58,0.36
Away from home,0.89,1.66,1.01,0.97,1.26,2.04,2.07,2.4,6.44,3.25
Beer and ale,0.4,0.72,0.38,0.47,0.56,1.1,0.94,1.21,2.84,1.48
"Beer and ale at fast food, take-out, delivery,",0,0.16,0.09,0.21,0.13,0.22,0.15,0.29,0.36,0.24
Beer and ale at full service restaurants,0.34,0.56,0.28,0.27,0.42,0.86,0.78,0.9,2.43,1.22
Beer and ale at vending machines and mobile vendors,0.06,0,0,0,0,0.01,0,0.02,0.02,0.01
Beer at employer,0,0,0,0,0,0,0,0,0,0
Beer and ale at catered affairs,0,0,0,0,0,0,0,0,0.03,0.01
Wine,0.07,0.42,0.06,0.09,0.37,0.31,0.42,0.49,1.79,0.81
"Wine at fast food, take-out, delivery, concession",0,0,0.01,0.01,0.01,0.04,0.03,0.03,0.13,0.06
Wine at full service restaurants,0.07,0.42,0.05,0.08,0.37,0.27,0.39,0.46,1.61,0.73
Wine at vending machines and mobile vendors,0,0,0,0,0,0,0,0,0.01,0
Wine at catered affairs,0,0,0,0,0,0,0,0,0.04,0.01
Other alcoholic beverages,0.41,0.52,0.57,0.41,0.33,0.63,0.71,0.7,1.81,0.97
"Other alcoholic beverages at fast food, take-out,",0,0,0.16,0.15,0.02,0.07,0.12,0.04,0.1,0.08
Other alcoholic beverages at full service restaurants,0.41,0.52,0.41,0.26,0.31,0.55,0.59,0.65,1.71,0.88
Other alcoholic beverages at vending machines and,0,0,0,0,0,0,0,0,0,0
Housing,50.3,40.72,54.97,56.75,65.17,72.77,73.69,94.26,128.04,89.13
Fuel and utilities,40.28,31.19,44.6,41.43,48.69,52.94,51.41,63.8,85.88,62.18
Electricity and natural gas,22.73,17.64,27.53,22.25,27.6,28.38,27.66,35.78,46.77,34.3
Electricity,16.73,14.37,22.85,17.45,22.09,22.96,20.83,26.98,35.29,26.41
Natural gas,6,3.27,4.68,4.8,5.51,5.42,6.83,8.79,11.48,7.89
Fuel oil and other fuels,4.54,2.9,3.45,1.53,3.96,3.17,2.82,4.32,6.15,4.32
Fuel oil,2.01,0.67,2.19,0.23,1.85,1.24,0.43,2.24,2.6,1.83
Bottled and tank gas,2.29,1.79,0.84,0.75,1.49,1.22,1.72,1.04,2.12,1.56
Coal,0,0,0,0,0,0,0,0.02,0.01,0.01
Miscellaneous fuels,0.24,0.43,0.42,0.56,0.61,0.72,0.66,1.02,1.41,0.92
Telephone services,13.01,10.65,13.62,17.65,17.13,21.39,20.93,23.7,32.96,23.56
Household operations,0.5,0.03,0.02,0.1,0.15,0.12,0.15,0.2,0.67,0.32
Other household expenses,0.5,0.03,0.02,0.1,0.15,0.12,0.15,0.2,0.67,0.32
Repair of miscellaneous household equipment and,0.43,0,0,0,0,0,0,0,0.07,0.04
"Household laundry and dry cleaning, sent out",0.07,0.03,0.02,0.1,0.15,0.12,0.15,0.2,0.6,0.28
Housekeeping supplies,5.19,5.67,5.68,8.75,7.86,8.93,10.19,12.03,17.78,11.82
Laundry and cleaning supplies,1.66,1.44,1.97,2.25,2.17,2.26,2.73,2.97,3.66,2.79
Soaps and detergents,1.07,0.77,1.31,1.39,1.13,1.28,1.36,1.68,1.88,1.51
Other laundry cleaning products,0.59,0.67,0.66,0.86,1.03,0.98,1.36,1.3,1.78,1.28
Other household products,2,3,2.82,4.6,3.97,5.26,5.26,6.42,10.26,6.53
"Cleansing and toilet tissue, paper towels and napkins",0.97,1.26,1.55,1.58,1.7,1.77,1.94,2.34,3.04,2.21
Miscellaneous household products,0.86,1.31,1.03,1.21,1.76,1.95,1.84,2.38,4.28,2.58
Lawn and garden supplies,0.16,0.44,0.25,1.81,0.51,1.54,1.48,1.69,2.95,1.74
Postage and stationery,1.53,1.22,0.89,1.91,1.73,1.41,2.2,2.65,3.85,2.5
"Stationery, stationery supplies, giftwrap",0.45,0.59,0.35,0.77,1.02,0.8,0.98,1.38,2.07,1.3
Postage,0.8,0.63,0.51,1.1,0.67,0.53,1.2,1.11,1.5,1.06
Delivery services,0.28,0,0.02,0.04,0.05,0.08,0.02,0.15,0.28,0.14
Household furnishings and equipment,4.33,3.83,4.68,6.47,8.46,10.77,11.94,18.22,23.71,14.82
Household textiles,0.86,0.11,0.51,1.43,0.91,1,1.73,1.74,2.7,1.68
Bathroom linens,0.23,0.06,0.33,0.19,0.22,0.31,0.45,0.38,0.57,0.39
Bedroom linens,0.49,0.01,0.16,1.19,0.58,0.64,1.16,1.06,1.91,1.13
Kitchen and dining room linens,0.14,0.02,0.02,0.05,0.12,0.05,0.12,0.18,0.14,0.11
"Slipcovers, decorative pillows",0,0.02,0,0,0,0,0,0.12,0.08,0.05
Furniture,0.14,0.16,0.02,0.26,0.17,0.08,1.08,0.21,0.94,0.5
Outdoor furniture,0.14,0.16,0.02,0.26,0.17,0.08,1.08,0.21,0.94,0.5
Floor coverings,0,0.02,0.33,0.26,0.11,0.12,0.79,0.28,0.63,0.39
"Room size rugs and other floor covering, nonpermanent",0,0.02,0.33,0.26,0.11,0.12,0.79,0.28,0.63,0.39
Major appliances,0.2,0.09,0.26,0.09,0.15,0.12,0.39,0.41,1.12,0.53
Electric floor cleaning equipment,0.2,0.09,0,0.08,0.14,0.09,0.24,0.35,0.87,0.4
Sewing machines,0,0,0,0,0.01,0,0,0.04,0.11,0.04
Miscellaneous household appliances,0,0,0.26,0.01,0,0.02,0.15,0.02,0.14,0.08
"Small appliances, miscellaneous housewares",0.69,0.39,0.3,0.25,0.9,0.77,0.71,1.12,1.88,1.11
Housewares,0.28,0.28,0.3,0.2,0.66,0.7,0.54,0.96,1.59,0.92
China and other dinnerware,0.07,0.04,0.04,0.01,0.03,0.09,0.01,0.05,0.23,0.1
Glassware,0.04,0.01,0.05,0.01,0.04,0.12,0.07,0.12,0.24,0.13
Silver serving pieces,0.02,0.01,0.01,0,0.01,0.03,0.01,0.03,0.05,0.03
Nonelectric cookware,0.08,0.09,0.11,0.08,0.29,0.2,0.17,0.46,0.39,0.29
"Tableware, nonelectric kitchenware",0.08,0.13,0.1,0.09,0.29,0.28,0.27,0.29,0.68,0.38
Small appliances,0.41,0.11,0,0.04,0.25,0.06,0.17,0.16,0.3,0.19
Portable heating and cooling equipment,0.41,0.11,0,0.04,0.25,0.06,0.17,0.16,0.3,0.19
Miscellaneous household equipment,2.43,3.05,3.26,4.17,6.2,8.69,7.24,14.45,16.44,10.6
Infants' equipment,0,0.06,0.04,0.06,0.26,0.19,0.18,0.33,0.46,0.28
Laundry and cleaning equipment,0.25,0.05,0.13,0.19,0.24,0.24,0.25,0.37,0.52,0.33
Outdoor equipment,0.12,0.08,0.02,0.11,0.24,2.02,0.4,0.69,0.77,0.66
Lamps and lighting fixtures,0,0.04,0.15,0.38,0.42,0.38,0.48,0.7,0.87,0.56
Clocks and other household decorative items,0.24,0.52,0.68,0.98,0.91,1.04,1.38,3.53,3.78,2.25
Telephones and accessories,0.11,0.32,0.16,0.53,0.47,0.88,0.89,0.85,1.38,0.88
Lawn and garden equipment,0,0.11,0,0.2,0.44,0.26,0.42,2.71,2.2,1.26
Power tools,0.49,0.41,0.38,0.29,0.69,0.64,0.81,1.55,0.61,0.73
Hand tools,0.01,0.24,0.14,0.01,0.52,0.46,0.12,0.46,0.25,0.3
"Indoor plants, fresh flowers",0.25,0.24,0.1,0.42,0.54,0.39,0.45,1.07,1.66,0.91
Closet and storage items,0.06,0.04,0.52,0.1,0.16,0.4,0.13,0.26,0.51,0.32
Computer software,0.19,0.17,0.12,0.18,0.12,0.18,0.4,0.22,0.7,0.36
Computer accessories,0.27,0.32,0.37,0.28,0.26,0.45,0.4,0.49,0.97,0.57
Other hardware,0,0.06,0.14,0.01,0.11,0.28,0.22,0.21,0.33,0.22
Miscellaneous household equipment and parts,0.44,0.18,0.27,0.41,0.55,0.78,0.66,0.93,1.25,0.83
Luggage,0,0.2,0.04,0.03,0.28,0.1,0.05,0.08,0.17,0.13
Apparel and services,18.71,15.36,12.31,13.38,15.21,25.73,18.64,29.83,45.38,28.52
Men and boys,5.46,3.07,1.99,3.38,2.72,7.14,4.31,7.1,10.74,6.71
"Men, 16 and over",5.17,2.77,1.53,2.92,2.25,6.33,3.69,6.11,9.44,5.86
"Men's sportcoats, tailored jackets",0,0,0,0,0,0.52,0,0.02,0.19,0.12
Men's coats and jackets,0.46,0.21,0.1,0.13,0.23,0.67,0.64,0.73,0.64,0.52
Men's underwear,0.46,0.05,0.14,0.19,0.2,0.53,0.17,0.29,0.7,0.41
Men's hosiery,0.18,0.1,0.14,0.22,0.18,0.25,0.17,0.27,0.44,0.28
Men's accessories,0.4,0.42,0.12,0.56,0.27,0.43,0.36,0.68,0.88,0.57
Men's sweaters and vests,0.2,0.19,0.44,0.04,0.07,0.65,0.04,0.17,0.54,0.33
Men's active sportswear,0.27,0.22,0.04,0.15,0.07,0.36,0.31,0.32,0.99,0.48
Men's shirts,1.63,1.18,0.31,0.82,0.8,1.36,0.95,1.95,2.6,1.64
Men's pants and shorts,1.54,0.4,0.24,0.82,0.43,1.39,1.04,1.67,2.39,1.46
Men's uniforms,0.03,0,0,0,0,0.18,0.01,0.02,0.07,0.05
"Boys, 2 to 15",0.29,0.3,0.46,0.46,0.48,0.8,0.62,0.99,1.3,0.86
Boys' shirts,0.12,0.21,0.25,0.24,0.25,0.39,0.36,0.48,0.6,0.42
Boys' underwear,0.02,0.01,0.05,0.09,0.07,0.15,0.08,0.13,0.19,0.13
Boys' nightwear,0.05,0.01,0.01,0.08,0.08,0.03,0.01,0.07,0.15,0.08
Boys' hosiery,0.09,0.02,0.04,0.04,0.07,0.12,0.08,0.13,0.12,0.1
Boys' accessories,0,0.05,0.05,0.02,0.01,0.1,0.09,0.18,0.2,0.12
"Boys' suits, sportcoats, vests",0,0,0.06,0,0,0,0,0,0.04,0.02
Women and girls,6.25,8.27,6.13,5.15,6.56,10.61,8.6,13.75,21.86,13.21
"Women, 16 and over",5.78,7.63,5.4,4.34,5.43,9.21,7.06,11.83,19.1,11.44
Women's coats and jackets,0.37,0.68,1.26,0.25,0.44,1.32,0.29,0.84,1.53,0.99
Women's dresses,0.83,0.53,0.36,0.3,0.42,1.09,1.03,1.28,2.51,1.36
"Women's sportcoats, tailored jackets",0,0,0,0.04,0.03,0,0.02,0.01,0.05,0.02
Women's vests and sweaters,0.3,1.26,0.17,0.18,0.55,0.52,0.76,1.03,1.63,0.96
"Women's shirts, tops, blouses",1.14,1.39,1.15,1.35,1.22,1.56,1.6,2.67,3.85,2.38
Women's skirts,0.11,0,0.04,0.08,0.13,0.18,0.17,0.14,0.44,0.23
Women's pants and shorts,0.96,1.63,0.8,0.62,0.78,1.56,1.39,2.17,2.82,1.82
Women's active sportswear,0.52,0.35,0.07,0.3,0.23,0.54,0.14,0.75,1.33,0.7
Women's sleepwear,0.11,0.46,0.29,0.43,0.37,0.37,0.36,0.6,0.85,0.55
Women's undergarments,0.11,0.36,0.35,0.22,0.36,0.71,0.42,0.58,1.09,0.66
Women's hosiery,0.26,0.33,0.11,0.22,0.19,0.49,0.24,0.45,0.68,0.43
Women's accessories,1.07,0.65,0.75,0.35,0.59,0.82,0.63,1.19,2.2,1.24
Women's uniforms,0,0,0.05,0,0.12,0.04,0,0.13,0.14,0.09
"Girls, 2 to 15",0.47,0.64,0.73,0.81,1.13,1.4,1.54,1.92,2.76,1.77
Girls' coats and jackets,0,0,0.16,0.08,0.08,0.12,0.08,0.24,0.28,0.17
Girls' dresses and suits,0.07,0.29,0.13,0.13,0.22,0.12,0.33,0.17,0.42,0.27
"Girls' shirts, blouses, sweaters",0.19,0.16,0.26,0.28,0.5,0.62,0.66,0.58,0.94,0.64
Girls' active sportswear,0,0.02,0,0.06,0.16,0.22,0.16,0.41,0.51,0.29
Girls' underwear and sleepwear,0.15,0.11,0.07,0.18,0.06,0.18,0.16,0.25,0.24,0.18
Girls' hosiery,0.06,0.02,0.09,0.05,0.06,0.07,0.06,0.15,0.19,0.12
Girls' accessories,0,0.04,0.02,0.03,0.05,0.07,0.08,0.12,0.17,0.1
Children under 2,0.42,0.78,0.81,1.19,0.71,1.65,1.43,1.56,2.14,1.51
"Infant dresses, outerwear",0.04,0.04,0.15,0.18,0.18,0.54,0.29,0.27,0.44,0.32
Infant underwear,0.35,0.67,0.44,0.86,0.41,0.7,0.79,1.02,1.23,0.88
"Infant nightwear, loungewear",0.03,0,0.04,0.03,0.06,0.15,0.09,0.06,0.2,0.11
Infant accessories,0,0.07,0.19,0.13,0.06,0.27,0.26,0.21,0.27,0.2
Footwear,5.47,2.81,3.03,3.54,4.66,5.49,3.92,5.92,9.35,6.18
Men's footwear,2.8,0.28,0.35,1.53,1.27,1.7,1.28,1.78,2.82,1.86
Boys' footwear,0.06,0.16,0.73,0.34,0.46,0.58,0.38,0.99,0.99,0.71
Women's footwear,2.3,1.96,1.59,1.38,2.34,2.56,1.64,2.48,4.57,2.92
Girls' footwear,0.31,0.41,0.36,0.28,0.6,0.66,0.62,0.67,0.96,0.69
Other apparel products and services,1.11,0.42,0.33,0.11,0.55,0.84,0.38,1.51,1.3,0.92
Material for making clothes,0,0.03,0.03,0.04,0.24,0.18,0.13,0.12,0.3,0.19
Sewing patterns and notions,0.21,0.03,0.02,0.04,0.07,0.08,0.14,0.25,0.22,0.15
Watches,0.9,0.36,0.28,0.03,0.23,0.57,0.11,1.14,0.77,0.58
Transportation,32.99,29.64,30.18,38.8,44.66,56.35,59.31,74.53,96.23,66.43
"Gasoline, motor oil, and additives",22.77,21.79,20.03,24.83,31.06,39.01,40.72,48.77,64.32,44.66
Gasoline and diesel fuel,22.62,21.41,19.88,24.73,30.72,38.57,40.13,48.28,63.74,44.22
Gasoline,22.31,21.21,19.44,24.59,30.48,38.29,39.98,47.86,63.14,43.83
Diesel fuel,0.31,0.2,0.45,0.13,0.25,0.28,0.15,0.43,0.6,0.39
"Motor oil, coolants and other additives",0.15,0.38,0.15,0.1,0.33,0.43,0.59,0.49,0.58,0.44
Motor oil,0.07,0.24,0.12,0.09,0.18,0.2,0.43,0.26,0.27,0.24
"Coolant, brake fluid, transmission fluid, and other",0.08,0.14,0.03,0.01,0.15,0.23,0.16,0.23,0.31,0.21
Other vehicle expenses,10.02,7.65,9.94,13.63,13.48,17.07,18.44,25.64,31.45,21.49
Maintenance and repairs,0.63,1.29,0.94,0.58,1.11,1.9,1.12,2.1,3.44,2.06
Vehicle audio equipment,0,0,0,0,0,0,0,0.07,0.21,0.08
Vehicle products and cleaning services,0.08,0.17,0.1,0.09,0.14,0.19,0.08,0.15,0.38,0.21
"Misc. auto repair, servicing",0.55,1.12,0.84,0.49,0.97,1.71,1.04,1.89,2.86,1.77
Vehicle insurance,9.24,6.21,8.97,12.94,12.2,14.86,17.15,23.16,26.85,18.91
"Vehicle rental, leases, licenses, and other charges",0.15,0.15,0.02,0.11,0.16,0.32,0.16,0.38,1.16,0.53
Tolls or electronic toll passes,0.15,0.15,0.02,0.11,0.16,0.32,0.16,0.38,1.16,0.53
Public transportation,0.2,0.19,0.21,0.34,0.13,0.27,0.16,0.13,0.46,0.28
Taxi fares and limousine services,0.2,0.19,0.21,0.34,0.13,0.27,0.16,0.13,0.46,0.28
Health care,3.49,2.81,3.37,3.02,3.58,5.85,5.9,6.73,11.17,6.91
Medical services,0,0,0,0,0.01,0,0.23,0.01,0.15,0.07
Repair of medical equipment,0,0,0,0,0.01,0,0.23,0.01,0.15,0.07
Drugs,1.25,1.11,1.55,1.57,1.68,2.44,2.49,2.7,4.24,2.78
Nonprescription drugs,0.56,0.7,1.01,1.09,1.22,1.64,1.66,1.77,2.6,1.78
Nonprescription vitamins,0.69,0.41,0.55,0.48,0.45,0.8,0.84,0.93,1.64,1
Medical supplies,2.24,1.7,1.81,1.45,1.9,3.41,3.17,4.01,6.78,4.06
Topicals and dressings,0.59,0.27,0.57,0.32,0.37,0.45,0.63,0.6,1.39,0.78
Adult diapers,1.66,1.43,1.25,1.12,1.53,2.96,2.54,3.41,5.39,3.28
Entertainment,12.85,12.68,14.19,15.18,19.66,23.29,21.98,28.75,46.87,29.43
Fees and admissions,0.9,0.92,0.24,1.01,0.64,1.91,1.93,2.32,8,3.57
Fees for participant sports,0.66,0.36,0.21,0.8,0.4,0.67,1.12,1.12,4.37,1.92
Fees for recreational lessons,0.23,0.56,0.03,0.21,0.24,1.25,0.81,1.2,3.63,1.65
Audio and visual equipment and services,8.88,6.69,9.53,9.82,10.08,13.44,10.95,13.36,17.83,13.34
Radios,0,0,0,0,0,0.03,0.02,0.02,0.13,0.05
Cable and satellite television services,8.45,5.75,9.08,9.28,8.82,11.74,9.76,11.34,14.5,11.38
Tape recorders and players,0,0,0.01,0,0.01,0.05,0.11,0.02,0.03,0.03
Miscellaneous sound equipment,0,0,0,0.01,0.01,0.01,0,0.16,0.04,0.04
Miscellaneous video equipment,0.05,0.03,0,0.02,0.09,0.07,0.03,0.15,0.31,0.15
Sound equipment accessories,0.19,0.06,0.1,0.05,0.05,0.15,0.2,0.23,0.42,0.23
"Video cassettes, tapes, and discs",0.19,0.38,0.11,0.21,0.47,0.57,0.26,0.93,0.96,0.64
Video game software,0,0.06,0,0,0.07,0,0.01,0,0.08,0.04
Video game hardware and accessories,0,0.42,0.23,0.25,0.55,0.81,0.56,0.5,1.36,0.78
"Pets, toys, hobbies, and playground equipment",2.46,4.22,3.9,4.01,7.66,6.91,7.4,11.12,15.73,9.95
Pets,2.07,3.74,2.86,3.44,5.96,5.51,5.86,8.98,11.82,7.71
Pet food,1.16,2.11,1.96,2.14,2.63,2.53,2.69,4.02,5.14,3.51
"Pet purchase, supplies, medicine",0.58,0.36,0.26,0.42,1.55,1.45,1.73,1.02,2.17,1.45
Vet services,0.33,1.26,0.65,0.88,1.78,1.52,1.45,3.94,4.51,2.74
"Toys, games, arts and crafts, and tricycles",0.39,0.48,1.04,0.57,1.69,1.41,1.53,2.07,3.85,2.21
Playground equipment,0,0,0,0,0.01,0,0,0.06,0.06,0.03
"Other entertainment supplies, equipment, and services",0.62,0.84,0.52,0.34,1.28,1.03,1.71,1.96,5.32,2.57
"Sports, recreation and exercise equipment",0.5,0.8,0.07,0.16,1.12,0.86,1.34,1.77,4.07,2.01
"Athletic gear, game tables, and exercise equipment",0.45,0.07,0.01,0.04,0.43,0.27,0.41,0.92,2.24,1.01
Camping equipment,0.04,0.41,0.05,0.01,0.08,0.18,0.34,0.32,0.43,0.27
Hunting and fishing equipment,0.01,0.32,0.01,0.1,0.61,0.38,0.44,0.38,1.22,0.64
Global positioning system devices,0,0,0,0,0,0.03,0.15,0.14,0.17,0.09
"Photographic equipment, supplies and services",0.09,0,0.03,0.04,0.04,0.15,0.31,0.09,1.06,0.42
Other photographic supplies,0,0,0,0,0,0.03,0,0.01,0.01,0.01
Photographer fees,0.09,0,0.03,0.04,0.04,0.12,0.31,0.07,1.05,0.41
Fireworks,0,0,0.01,0.11,0.02,0,0.02,0.03,0.06,0.04
Souvenirs,0.03,0.04,0,0,0.01,0,0.03,0.01,0.03,0.02
Visual goods,0.01,0,0.08,0.03,0.09,0,0,0,0.04,0.03
"Pinball, electronic video games",0,0,0.34,0,0.01,0.02,0,0.06,0.05,0.05
Personal care products and services,4.31,4.24,4.43,4.88,6.72,7.83,8.51,11.39,18.75,11.21
Personal care products,2.97,3.5,2.78,2.87,3.99,5.28,5.69,6.92,10.61,6.69
Hair care products,0.48,0.86,0.53,0.62,0.79,0.96,1.47,1.27,1.99,1.31
Nonelectric articles for the hair,0.1,0.1,0.03,0.07,0.12,0.1,0.11,0.14,0.23,0.15
"Oral hygiene products, articles",0.24,0.46,0.34,0.44,0.5,0.55,0.51,0.73,0.95,0.67
Shaving needs,0.1,0.14,0.11,0.09,0.18,0.17,0.19,0.42,0.53,0.32
"Cosmetics, perfume, bath preparations",1.66,1.43,1.25,1.12,1.53,2.96,2.54,3.41,5.39,3.28
"Deodorants, feminine hygiene, miscellaneous personal",0.39,0.47,0.45,0.49,0.68,0.41,0.58,0.68,1.03,0.71
Electric personal care appliances,0,0.05,0.07,0.03,0.18,0.13,0.29,0.25,0.49,0.27
Personal care services,1.34,0.73,1.65,2.01,2.73,2.55,2.82,4.47,8.14,4.51
Personal care service for females,0.72,0.35,0.81,1.06,1.4,1.3,1.4,2.41,4.31,2.37
Personal care service for males,0.62,0.39,0.83,0.95,1.33,1.24,1.42,2.06,3.83,2.14
Reading,0,0,0.15,0,0.09,0.09,0,0.31,0.3,0.17
Newsletters,0,0,0,0,0.09,0,0,0.13,0,0.03
Digital book readers,0,0,0.15,0,0,0.09,0,0.18,0.3,0.14
Education,0.27,0.59,0.25,0.37,0.54,0.76,0.9,0.95,1.67,0.99
"School supplies, etc. - unspecified",0.27,0.59,0.25,0.37,0.54,0.76,0.9,0.95,1.67,0.99
Tobacco products and smoking supplies,0.03,0.02,0.08,0.05,0.05,0.05,0.1,0.06,0.05,0.06
Smoking accessories,0.03,0.02,0.08,0.05,0.05,0.05,0.1,0.06,0.04,0.05
Marijuana,0,0,0,0,0,0,0,0,0.01,0
Miscellaneous,0.2,0.58,0.74,0.27,1.91,1.64,1.62,1.84,3.56,2.1
Miscellaneous fees,0,0,0,0,0,0.02,0.01,0.03,0.06,0.03
Lotteries and pari-mutuel losses,0.18,0.26,0.26,0.18,1.39,0.44,1.22,0.63,1.84,1.08
Miscellaneous personal services,0.02,0.32,0.48,0.09,0.52,1.17,0.38,1.18,1.66,1
Money income before taxes,2737.9,7975.26,12310.64,17494.09,24753.34,34706.12,44708.56,59413.6,128605.34,64294.66
Wages and salaries,2459.41,2945.15,3323.32,7676.8,12345.56,22832.49,31537.29,45949.15,105475.21,49210.95
Self-employment income,-1748.14,-95.41,129.81,315.6,677.39,1071.04,1976.78,1983.93,8811.93,3539.7
Net business income,-1823.04,-95.41,140.22,295.38,590.31,956.3,1851.33,1871.14,8290.46,3314.51
Net farm income,74.91,0,-10.41,20.22,87.08,114.74,125.45,112.78,521.47,225.19
"Social Security, private and government retirement",735.55,2342.78,5993.12,7172.5,8882.98,8693.58,8712.46,9338.84,8781.14,8117.31
Social Security and railroad retirement income,577,2101.36,5544.5,6184.88,6935.3,5740.24,5171.46,4897.82,3140.55,4602.71
Pensions and annuities,158.55,241.42,448.62,987.62,1947.68,2953.34,3541,4441.03,5640.59,3514.6
"Interest, dividends, rental income, other property income",157.01,-6.55,148.23,252.4,447.84,530.4,644.53,897.85,3788.86,1576.12
Interest,81.32,55.64,67.24,95.49,263.4,226.38,265.67,379.09,1144.35,528.06
"Dividends, royalties, estates, trusts",80.43,33.58,57.07,152.78,155.52,258.88,307.75,330,2455.41,944.93
Roomer and boarder income,-6.73,-95.77,20.85,4.09,16.96,15.9,53.93,112.14,62.27,43.71
Other rental income,1.99,0,3.08,0.04,11.96,29.23,17.18,76.62,126.83,59.42
"Unemployment and workers' compensation, veterans'",171.22,415.38,467.91,522.25,677.2,467.1,790.8,475.7,568.2,551.95
Unemployment compensation,163.25,400.25,420.86,393.05,585.39,367.98,678.31,416.33,387.68,438.8
Workers' compensation and veterans' benefits,7.97,15.14,47.06,129.2,91.8,99.12,112.48,59.37,180.51,113.14
"Public assistance, supplemental security income, food",727.79,1989.92,1777.29,1124.42,961.57,673.8,439.39,384.87,228.6,650.63
Supplemental security income,199.94,849.03,733.98,471.49,472.6,315.25,200.6,173.54,178.76,312.63
Public assistance,37.88,82.56,94.5,56.53,24.31,43.72,16.27,16.41,3.69,26.94
Food stamps,489.97,1058.33,948.8,596.41,464.67,314.83,222.52,194.91,46.16,311.06
Regular contributions for support,201.18,291.62,351.74,296.46,545.95,361.33,448.82,349.77,770.92,512.95
Child support payments,34.32,40.11,111.1,121.9,164.41,187.48,256,162.55,195.67,171.09
Other regular contributions including alimony,166.86,251.51,240.64,174.56,381.53,173.85,192.81,187.22,575.25,341.86
Other income,33.89,92.37,119.22,133.64,214.85,76.37,158.5,33.49,180.48,135.06
Meals as pay,0.23,0.17,0.42,0.2,0.31,0.54,0.39,0.82,0.65,0.52
Rent as pay,3.24,19.46,13.57,7.18,3,2.19,0.45,3.61,1.12,3.72
Other income,30.42,72.74,105.23,126.27,211.54,73.64,157.65,29.05,178.71,130.81
Personal taxes,-280.93,-162.54,-62.62,-292.86,-216.99,195.29,342,775.25,4847.71,1687.23
Federal income taxes,-327.41,-192.62,-112.93,-369.08,-330.88,-30.69,83.45,391.94,3598.68,1148.18
Federal income tax deducted,16.39,67.46,63.78,179.65,302.69,714.5,760.8,1264.27,4015.96,1706.81
Additional federal income tax paid,11.65,26.2,162.58,33.81,96.73,164.51,222.76,204.77,1062.55,442.45
Federal income tax refunds,-355.45,-286.27,-339.3,-582.54,-730.29,-909.7,-900.1,-1077.09,-1479.84,-1001.07
State and local income taxes,-21.8,1.5,5.13,-3.81,48.91,139.23,169.13,245.15,979.35,393.21
State and local income tax deducted,4.55,14.93,13.32,34.26,85.05,200.58,209.96,361.84,1010.35,440.14
Additional state and local income tax paid,4.35,2.26,19.28,11.66,17.63,21.13,44.08,43.59,193.87,80.66
State and local income tax refunds,-30.69,-15.69,-27.47,-49.73,-53.77,-82.47,-84.91,-160.28,-224.87,-127.58
Other taxes,68.27,28.59,45.18,80.04,64.98,86.74,89.42,138.16,269.68,145.84
Personal property taxes,20,8.4,14.04,17.55,24.93,32.16,23.31,39.39,78.77,43.37
Other taxes,48.27,20.55,31.14,62.49,46.47,66.93,66.53,99.04,193.15,105.47
Other tax refunds,0,-0.37,0,0,-6.43,-12.35,-0.42,-0.27,-2.24,-3.01
Income after taxes,2999.46,8193.66,12422.51,17981.57,25351.51,34756.95,44726.46,59091.83,123338.27,62664.7
Meals as pay,0.23,0.17,0.42,0.2,0.31,0.54,0.39,0.82,0.65,0.52
Rent as pay,3.24,19.46,13.57,7.18,3,2.19,0.45,3.61,1.12,3.72
Income after taxes,2995.99,8174.03,12408.53,17974.2,25348.2,34754.22,44725.62,59087.4,123336.51,62660.45
